volume,eye,repeat,survival_fraction,n_distal_graph_nodes,n_potential_donors,n_usable_target_qc_donors,n_resolvable_test_lenses,n_target_qc_test_lenses,prediction_available
20231107,0,0,0.01,797,8,8,779,749,True
20231107,0,0,0.02,797,16,16,771,741,True
20231107,0,0,0.05,797,40,39,748,718,True
20231107,0,0,0.1,797,80,75,709,682,True
20231107,0,0,0.2,797,160,150,631,607,True
20231107,0,0,0.4,797,319,298,474,459,True
20231107,0,1,0.01,797,8,8,779,749,True
20231107,0,1,0.02,797,16,15,771,742,True
20231107,0,1,0.05,797,40,37,747,720,True
20231107,0,1,0.1,797,80,74,707,683,True
20231107,0,1,0.2,797,160,148,630,609,True
20231107,0,1,0.4,797,319,300,472,457,True
20231107,0,2,0.01,797,8,5,779,752,False
20231107,0,2,0.02,797,16,13,771,744,True
20231107,0,2,0.05,797,40,35,747,722,True
20231107,0,2,0.1,797,80,72,708,685,True
20231107,0,2,0.2,797,160,150,628,607,True
20231107,0,2,0.4,797,319,297,473,460,True
20231107,0,3,0.01,797,8,8,779,749,True
20231107,0,3,0.02,797,16,16,771,741,True
20231107,0,3,0.05,797,40,40,747,717,True
20231107,0,3,0.1,797,80,78,708,679,True
20231107,0,3,0.2,797,160,155,629,602,True
20231107,0,3,0.4,797,319,310,470,447,True
20231107,0,4,0.01,797,8,8,779,749,True
20231107,0,4,0.02,797,16,16,771,741,True
20231107,0,4,0.05,797,40,39,747,718,True
20231107,0,4,0.1,797,80,78,707,679,True
20231107,0,4,0.2,797,160,152,628,605,True
20231107,0,4,0.4,797,319,301,472,456,True
20231107,0,5,0.01,797,8,8,779,749,True
20231107,0,5,0.02,797,16,16,771,741,True
20231107,0,5,0.05,797,40,40,747,717,True
20231107,0,5,0.1,797,80,80,707,677,True
20231107,0,5,0.2,797,160,154,628,603,True
20231107,0,5,0.4,797,319,306,470,451,True
20231107,0,6,0.01,797,8,7,779,750,True
20231107,0,6,0.02,797,16,15,771,742,True
20231107,0,6,0.05,797,40,38,748,719,True
20231107,0,6,0.1,797,80,78,708,679,True
20231107,0,6,0.2,797,160,153,631,604,True
20231107,0,6,0.4,797,319,309,472,448,True
20231107,0,7,0.01,797,8,7,779,750,True
20231107,0,7,0.02,797,16,14,771,743,True
20231107,0,7,0.05,797,40,36,748,721,True
20231107,0,7,0.1,797,80,74,709,683,True
20231107,0,7,0.2,797,160,151,629,606,True
20231107,0,7,0.4,797,319,305,471,452,True
20231107,0,8,0.01,797,8,8,779,749,True
20231107,0,8,0.02,797,16,16,771,741,True
20231107,0,8,0.05,797,40,40,747,717,True
20231107,0,8,0.1,797,80,80,707,677,True
20231107,0,8,0.2,797,160,155,629,602,True
20231107,0,8,0.4,797,319,303,472,454,True
20231107,0,9,0.01,797,8,7,780,750,True
20231107,0,9,0.02,797,16,14,772,743,True
20231107,0,9,0.05,797,40,37,748,720,True
20231107,0,9,0.1,797,80,74,708,683,True
20231107,0,9,0.2,797,160,149,630,608,True
20231107,0,9,0.4,797,319,304,472,453,True
20231107,0,10,0.01,797,8,7,779,750,True
20231107,0,10,0.02,797,16,14,771,743,True
20231107,0,10,0.05,797,40,36,747,721,True
20231107,0,10,0.1,797,80,74,708,683,True
20231107,0,10,0.2,797,160,151,628,606,True
20231107,0,10,0.4,797,319,303,470,454,True
20231107,0,11,0.01,797,8,7,779,750,True
20231107,0,11,0.02,797,16,15,771,742,True
20231107,0,11,0.05,797,40,38,747,719,True
20231107,0,11,0.1,797,80,78,707,679,True
20231107,0,11,0.2,797,160,153,629,604,True
20231107,0,11,0.4,797,319,299,473,458,True
20231107,0,12,0.01,797,8,8,779,749,True
20231107,0,12,0.02,797,16,16,771,741,True
20231107,0,12,0.05,797,40,40,747,717,True
20231107,0,12,0.1,797,80,78,707,679,True
20231107,0,12,0.2,797,160,154,628,603,True
20231107,0,12,0.4,797,319,308,470,449,True
20231107,0,13,0.01,797,8,8,779,749,True
20231107,0,13,0.02,797,16,15,771,742,True
20231107,0,13,0.05,797,40,39,747,718,True
20231107,0,13,0.1,797,80,76,707,681,True
20231107,0,13,0.2,797,160,149,631,608,True
20231107,0,13,0.4,797,319,299,475,458,True
20231107,0,14,0.01,797,8,8,779,749,True
20231107,0,14,0.02,797,16,16,771,741,True
20231107,0,14,0.05,797,40,40,747,717,True
20231107,0,14,0.1,797,80,78,708,679,True
20231107,0,14,0.2,797,160,153,628,604,True
20231107,0,14,0.4,797,319,304,470,453,True
20231107,0,15,0.01,797,8,8,779,749,True
20231107,0,15,0.02,797,16,16,771,741,True
20231107,0,15,0.05,797,40,40,747,717,True
20231107,0,15,0.1,797,80,80,707,677,True
20231107,0,15,0.2,797,160,153,629,604,True
20231107,0,15,0.4,797,319,303,472,454,True
20231107,0,16,0.01,797,8,7,779,750,True
20231107,0,16,0.02,797,16,14,772,743,True
20231107,0,16,0.05,797,40,37,748,720,True
20231107,0,16,0.1,797,80,75,708,682,True
20231107,0,16,0.2,797,160,150,629,607,True
20231107,0,16,0.4,797,319,300,472,457,True
20231107,0,17,0.01,797,8,7,779,750,True
20231107,0,17,0.02,797,16,12,772,745,True
20231107,0,17,0.05,797,40,36,748,721,True
20231107,0,17,0.1,797,80,72,709,685,True
20231107,0,17,0.2,797,160,150,630,607,True
20231107,0,17,0.4,797,319,302,473,455,True
20231107,0,18,0.01,797,8,8,779,749,True
20231107,0,18,0.02,797,16,16,771,741,True
20231107,0,18,0.05,797,40,39,748,718,True
20231107,0,18,0.1,797,80,77,708,680,True
20231107,0,18,0.2,797,160,155,629,602,True
20231107,0,18,0.4,797,319,303,472,454,True
20231107,0,19,0.01,797,8,7,779,750,True
20231107,0,19,0.02,797,16,15,771,742,True
20231107,0,19,0.05,797,40,39,747,718,True
20231107,0,19,0.1,797,80,77,707,680,True
20231107,0,19,0.2,797,160,155,627,602,True
20231107,0,19,0.4,797,319,306,468,451,True
20231107,0,20,0.01,797,8,8,779,749,True
20231107,0,20,0.02,797,16,16,771,741,True
20231107,0,20,0.05,797,40,40,747,717,True
20231107,0,20,0.1,797,80,75,708,682,True
20231107,0,20,0.2,797,160,152,629,605,True
20231107,0,20,0.4,797,319,299,475,458,True
20231107,0,21,0.01,797,8,8,779,749,True
20231107,0,21,0.02,797,16,16,771,741,True
20231107,0,21,0.05,797,40,40,747,717,True
20231107,0,21,0.1,797,80,78,708,679,True
20231107,0,21,0.2,797,160,154,630,603,True
20231107,0,21,0.4,797,319,307,473,450,True
20231107,0,22,0.01,797,8,8,779,749,True
20231107,0,22,0.02,797,16,15,772,742,True
20231107,0,22,0.05,797,40,38,748,719,True
20231107,0,22,0.1,797,80,78,708,679,True
20231107,0,22,0.2,797,160,151,628,606,True
20231107,0,22,0.4,797,319,306,469,451,True
20231107,0,23,0.01,797,8,8,779,749,True
20231107,0,23,0.02,797,16,16,771,741,True
20231107,0,23,0.05,797,40,40,747,717,True
20231107,0,23,0.1,797,80,80,707,677,True
20231107,0,23,0.2,797,160,153,629,604,True
20231107,0,23,0.4,797,319,301,472,456,True
20231107,0,24,0.01,797,8,8,779,749,True
20231107,0,24,0.02,797,16,16,771,741,True
20231107,0,24,0.05,797,40,39,747,718,True
20231107,0,24,0.1,797,80,76,708,681,True
20231107,0,24,0.2,797,160,153,630,604,True
20231107,0,24,0.4,797,319,307,472,450,True
20231107,1,0,0.01,810,9,9,792,762,True
20231107,1,0,0.02,810,17,17,784,754,True
20231107,1,0,0.05,810,41,39,760,732,True
20231107,1,0,0.1,810,81,78,720,693,True
20231107,1,0,0.2,810,162,154,641,617,True
20231107,1,0,0.4,810,324,307,480,464,True
20231107,1,1,0.01,810,9,9,792,762,True
20231107,1,1,0.02,810,17,17,784,754,True
20231107,1,1,0.05,810,41,39,760,732,True
20231107,1,1,0.1,810,81,78,720,693,True
20231107,1,1,0.2,810,162,155,640,616,True
20231107,1,1,0.4,810,324,303,479,468,True
20231107,1,2,0.01,810,9,8,792,763,True
20231107,1,2,0.02,810,17,14,784,757,True
20231107,1,2,0.05,810,41,37,760,734,True
20231107,1,2,0.1,810,81,73,722,698,True
20231107,1,2,0.2,810,162,153,641,618,True
20231107,1,2,0.4,810,324,309,481,462,True
20231107,1,3,0.01,810,9,8,792,763,True
20231107,1,3,0.02,810,17,16,784,755,True
20231107,1,3,0.05,810,41,40,760,731,True
20231107,1,3,0.1,810,81,78,721,693,True
20231107,1,3,0.2,810,162,155,641,616,True
20231107,1,3,0.4,810,324,307,481,464,True
20231107,1,4,0.01,810,9,9,792,762,True
20231107,1,4,0.02,810,17,17,784,754,True
20231107,1,4,0.05,810,41,40,760,731,True
20231107,1,4,0.1,810,81,78,720,693,True
20231107,1,4,0.2,810,162,155,640,616,True
20231107,1,4,0.4,810,324,311,478,460,True
20231107,1,5,0.01,810,9,9,792,762,True
20231107,1,5,0.02,810,17,16,784,755,True
20231107,1,5,0.05,810,41,40,760,731,True
20231107,1,5,0.1,810,81,77,720,694,True
20231107,1,5,0.2,810,162,153,640,618,True
20231107,1,5,0.4,810,324,307,479,464,True
20231107,1,6,0.01,810,9,9,792,762,True
20231107,1,6,0.02,810,17,17,784,754,True
20231107,1,6,0.05,810,41,40,760,731,True
20231107,1,6,0.1,810,81,80,720,691,True
20231107,1,6,0.2,810,162,157,639,614,True
20231107,1,6,0.4,810,324,314,478,457,True
20231107,1,7,0.01,810,9,9,792,762,True
20231107,1,7,0.02,810,17,17,784,754,True
20231107,1,7,0.05,810,41,40,760,731,True
20231107,1,7,0.1,810,81,76,721,695,True
20231107,1,7,0.2,810,162,151,642,620,True
20231107,1,7,0.4,810,324,305,482,466,True
20231107,1,8,0.01,810,9,8,792,763,True
20231107,1,8,0.02,810,17,16,784,755,True
20231107,1,8,0.05,810,41,39,760,732,True
20231107,1,8,0.1,810,81,76,720,695,True
20231107,1,8,0.2,810,162,152,640,619,True
20231107,1,8,0.4,810,324,311,481,460,True
20231107,1,9,0.01,810,9,9,792,762,True
20231107,1,9,0.02,810,17,17,784,754,True
20231107,1,9,0.05,810,41,39,760,732,True
20231107,1,9,0.1,810,81,76,721,695,True
20231107,1,9,0.2,810,162,154,641,617,True
20231107,1,9,0.4,810,324,310,479,461,True
20231107,1,10,0.01,810,9,9,792,762,True
20231107,1,10,0.02,810,17,17,784,754,True
20231107,1,10,0.05,810,41,38,760,733,True
20231107,1,10,0.1,810,81,78,720,693,True
20231107,1,10,0.2,810,162,157,640,614,True
20231107,1,10,0.4,810,324,311,480,460,True
20231107,1,11,0.01,810,9,8,792,763,True
20231107,1,11,0.02,810,17,15,784,756,True
20231107,1,11,0.05,810,41,37,760,734,True
20231107,1,11,0.1,810,81,75,720,696,True
20231107,1,11,0.2,810,162,152,641,619,True
20231107,1,11,0.4,810,324,309,480,462,True
20231107,1,12,0.01,810,9,9,792,762,True
20231107,1,12,0.02,810,17,16,785,755,True
20231107,1,12,0.05,810,41,38,762,733,True
20231107,1,12,0.1,810,81,78,722,693,True
20231107,1,12,0.2,810,162,156,641,615,True
20231107,1,12,0.4,810,324,307,479,464,True
20231107,1,13,0.01,810,9,8,792,763,True
20231107,1,13,0.02,810,17,16,784,755,True
20231107,1,13,0.05,810,41,39,761,732,True
20231107,1,13,0.1,810,81,74,722,697,True
20231107,1,13,0.2,810,162,152,642,619,True
20231107,1,13,0.4,810,324,309,481,462,True
20231107,1,14,0.01,810,9,9,792,762,True
20231107,1,14,0.02,810,17,17,784,754,True
20231107,1,14,0.05,810,41,41,760,730,True
20231107,1,14,0.1,810,81,78,720,693,True
20231107,1,14,0.2,810,162,155,640,616,True
20231107,1,14,0.4,810,324,307,480,464,True
20231107,1,15,0.01,810,9,9,792,762,True
20231107,1,15,0.02,810,17,16,784,755,True
20231107,1,15,0.05,810,41,40,760,731,True
20231107,1,15,0.1,810,81,78,720,693,True
20231107,1,15,0.2,810,162,151,642,620,True
20231107,1,15,0.4,810,324,310,481,461,True
20231107,1,16,0.01,810,9,9,792,762,True
20231107,1,16,0.02,810,17,17,784,754,True
20231107,1,16,0.05,810,41,38,761,733,True
20231107,1,16,0.1,810,81,75,723,696,True
20231107,1,16,0.2,810,162,154,643,617,True
20231107,1,16,0.4,810,324,307,483,464,True
20231107,1,17,0.01,810,9,7,793,764,True
20231107,1,17,0.02,810,17,15,785,756,True
20231107,1,17,0.05,810,41,37,762,734,True
20231107,1,17,0.1,810,81,73,723,698,True
20231107,1,17,0.2,810,162,149,645,622,True
20231107,1,17,0.4,810,324,307,484,464,True
20231107,1,18,0.01,810,9,8,792,763,True
20231107,1,18,0.02,810,17,16,784,755,True
20231107,1,18,0.05,810,41,38,761,733,True
20231107,1,18,0.1,810,81,76,721,695,True
20231107,1,18,0.2,810,162,152,642,619,True
20231107,1,18,0.4,810,324,307,480,464,True
20231107,1,19,0.01,810,9,8,793,763,True
20231107,1,19,0.02,810,17,15,785,756,True
20231107,1,19,0.05,810,41,37,762,734,True
20231107,1,19,0.1,810,81,74,722,697,True
20231107,1,19,0.2,810,162,149,642,622,True
20231107,1,19,0.4,810,324,306,482,465,True
20231107,1,20,0.01,810,9,9,792,762,True
20231107,1,20,0.02,810,17,17,784,754,True
20231107,1,20,0.05,810,41,38,761,733,True
20231107,1,20,0.1,810,81,75,721,696,True
20231107,1,20,0.2,810,162,152,641,619,True
20231107,1,20,0.4,810,324,309,481,462,True
20231107,1,21,0.01,810,9,9,792,762,True
20231107,1,21,0.02,810,17,15,784,756,True
20231107,1,21,0.05,810,41,38,760,733,True
20231107,1,21,0.1,810,81,78,720,693,True
20231107,1,21,0.2,810,162,157,639,614,True
20231107,1,21,0.4,810,324,314,479,457,True
20231107,1,22,0.01,810,9,9,792,762,True
20231107,1,22,0.02,810,17,17,784,754,True
20231107,1,22,0.05,810,41,40,760,731,True
20231107,1,22,0.1,810,81,77,720,694,True
20231107,1,22,0.2,810,162,154,640,617,True
20231107,1,22,0.4,810,324,304,482,467,True
20231107,1,23,0.01,810,9,9,792,762,True
20231107,1,23,0.02,810,17,17,784,754,True
20231107,1,23,0.05,810,41,39,760,732,True
20231107,1,23,0.1,810,81,78,720,693,True
20231107,1,23,0.2,810,162,158,639,613,True
20231107,1,23,0.4,810,324,310,480,461,True
20231107,1,24,0.01,810,9,9,792,762,True
20231107,1,24,0.02,810,17,17,784,754,True
20231107,1,24,0.05,810,41,41,760,730,True
20231107,1,24,0.1,810,81,80,720,691,True
20231107,1,24,0.2,810,162,154,639,617,True
20231107,1,24,0.4,810,324,306,481,465,True
20240530,0,0,0.01,791,8,8,783,775,True
20240530,0,0,0.02,791,16,16,775,767,True
20240530,0,0,0.05,791,40,40,751,743,True
20240530,0,0,0.1,791,80,80,711,703,True
20240530,0,0,0.2,791,159,156,632,627,True
20240530,0,0,0.4,791,317,312,474,471,True
20240530,0,1,0.01,791,8,8,783,775,True
20240530,0,1,0.02,791,16,16,775,767,True
20240530,0,1,0.05,791,40,40,751,743,True
20240530,0,1,0.1,791,80,80,711,703,True
20240530,0,1,0.2,791,159,159,632,624,True
20240530,0,1,0.4,791,317,314,474,469,True
20240530,0,2,0.01,791,8,7,783,776,True
20240530,0,2,0.02,791,16,15,775,768,True
20240530,0,2,0.05,791,40,38,751,745,True
20240530,0,2,0.1,791,80,78,711,705,True
20240530,0,2,0.2,791,159,156,632,627,True
20240530,0,2,0.4,791,317,314,474,469,True
20240530,0,3,0.01,791,8,8,783,775,True
20240530,0,3,0.02,791,16,16,775,767,True
20240530,0,3,0.05,791,40,40,751,743,True
20240530,0,3,0.1,791,80,80,711,703,True
20240530,0,3,0.2,791,159,158,632,625,True
20240530,0,3,0.4,791,317,315,474,468,True
20240530,0,4,0.01,791,8,8,783,775,True
20240530,0,4,0.02,791,16,16,775,767,True
20240530,0,4,0.05,791,40,40,751,743,True
20240530,0,4,0.1,791,80,79,711,704,True
20240530,0,4,0.2,791,159,155,632,628,True
20240530,0,4,0.4,791,317,313,474,470,True
20240530,0,5,0.01,791,8,8,783,775,True
20240530,0,5,0.02,791,16,16,775,767,True
20240530,0,5,0.05,791,40,40,751,743,True
20240530,0,5,0.1,791,80,80,711,703,True
20240530,0,5,0.2,791,159,159,632,624,True
20240530,0,5,0.4,791,317,313,474,470,True
20240530,0,6,0.01,791,8,8,783,775,True
20240530,0,6,0.02,791,16,16,775,767,True
20240530,0,6,0.05,791,40,39,751,744,True
20240530,0,6,0.1,791,80,79,711,704,True
20240530,0,6,0.2,791,159,158,632,625,True
20240530,0,6,0.4,791,317,315,474,468,True
20240530,0,7,0.01,791,8,8,783,775,True
20240530,0,7,0.02,791,16,16,775,767,True
20240530,0,7,0.05,791,40,39,751,744,True
20240530,0,7,0.1,791,80,79,711,704,True
20240530,0,7,0.2,791,159,158,632,625,True
20240530,0,7,0.4,791,317,314,474,469,True
20240530,0,8,0.01,791,8,8,783,775,True
20240530,0,8,0.02,791,16,16,775,767,True
20240530,0,8,0.05,791,40,40,751,743,True
20240530,0,8,0.1,791,80,80,711,703,True
20240530,0,8,0.2,791,159,157,632,626,True
20240530,0,8,0.4,791,317,312,474,471,True
20240530,0,9,0.01,791,8,8,783,775,True
20240530,0,9,0.02,791,16,16,775,767,True
20240530,0,9,0.05,791,40,40,751,743,True
20240530,0,9,0.1,791,80,80,711,703,True
20240530,0,9,0.2,791,159,157,632,626,True
20240530,0,9,0.4,791,317,314,474,469,True
20240530,0,10,0.01,791,8,8,783,775,True
20240530,0,10,0.02,791,16,16,775,767,True
20240530,0,10,0.05,791,40,40,751,743,True
20240530,0,10,0.1,791,80,79,711,704,True
20240530,0,10,0.2,791,159,157,632,626,True
20240530,0,10,0.4,791,317,314,474,469,True
20240530,0,11,0.01,791,8,8,783,775,True
20240530,0,11,0.02,791,16,16,775,767,True
20240530,0,11,0.05,791,40,40,751,743,True
20240530,0,11,0.1,791,80,80,711,703,True
20240530,0,11,0.2,791,159,159,632,624,True
20240530,0,11,0.4,791,317,316,474,467,True
20240530,0,12,0.01,791,8,8,783,775,True
20240530,0,12,0.02,791,16,16,775,767,True
20240530,0,12,0.05,791,40,39,751,744,True
20240530,0,12,0.1,791,80,79,711,704,True
20240530,0,12,0.2,791,159,158,632,625,True
20240530,0,12,0.4,791,317,313,474,470,True
20240530,0,13,0.01,791,8,8,783,775,True
20240530,0,13,0.02,791,16,16,775,767,True
20240530,0,13,0.05,791,40,40,751,743,True
20240530,0,13,0.1,791,80,79,711,704,True
20240530,0,13,0.2,791,159,158,632,625,True
20240530,0,13,0.4,791,317,315,474,468,True
20240530,0,14,0.01,791,8,8,783,775,True
20240530,0,14,0.02,791,16,16,775,767,True
20240530,0,14,0.05,791,40,40,751,743,True
20240530,0,14,0.1,791,80,80,711,703,True
20240530,0,14,0.2,791,159,158,632,625,True
20240530,0,14,0.4,791,317,314,474,469,True
20240530,0,15,0.01,791,8,8,783,775,True
20240530,0,15,0.02,791,16,16,775,767,True
20240530,0,15,0.05,791,40,39,751,744,True
20240530,0,15,0.1,791,80,78,711,705,True
20240530,0,15,0.2,791,159,156,632,627,True
20240530,0,15,0.4,791,317,312,474,471,True
20240530,0,16,0.01,791,8,7,783,776,True
20240530,0,16,0.02,791,16,15,775,768,True
20240530,0,16,0.05,791,40,39,751,744,True
20240530,0,16,0.1,791,80,79,711,704,True
20240530,0,16,0.2,791,159,157,632,626,True
20240530,0,16,0.4,791,317,313,474,470,True
20240530,0,17,0.01,791,8,8,783,775,True
20240530,0,17,0.02,791,16,16,775,767,True
20240530,0,17,0.05,791,40,40,751,743,True
20240530,0,17,0.1,791,80,79,711,704,True
20240530,0,17,0.2,791,159,156,632,627,True
20240530,0,17,0.4,791,317,313,474,470,True
20240530,0,18,0.01,791,8,8,783,775,True
20240530,0,18,0.02,791,16,16,775,767,True
20240530,0,18,0.05,791,40,40,751,743,True
20240530,0,18,0.1,791,80,80,711,703,True
20240530,0,18,0.2,791,159,158,632,625,True
20240530,0,18,0.4,791,317,315,474,468,True
20240530,0,19,0.01,791,8,8,783,775,True
20240530,0,19,0.02,791,16,16,775,767,True
20240530,0,19,0.05,791,40,40,751,743,True
20240530,0,19,0.1,791,80,80,711,703,True
20240530,0,19,0.2,791,159,157,632,626,True
20240530,0,19,0.4,791,317,314,474,469,True
20240530,0,20,0.01,791,8,8,783,775,True
20240530,0,20,0.02,791,16,16,775,767,True
20240530,0,20,0.05,791,40,40,751,743,True
20240530,0,20,0.1,791,80,79,711,704,True
20240530,0,20,0.2,791,159,158,632,625,True
20240530,0,20,0.4,791,317,313,474,470,True
20240530,0,21,0.01,791,8,7,783,776,True
20240530,0,21,0.02,791,16,15,775,768,True
20240530,0,21,0.05,791,40,38,751,745,True
20240530,0,21,0.1,791,80,78,711,705,True
20240530,0,21,0.2,791,159,157,632,626,True
20240530,0,21,0.4,791,317,312,474,471,True
20240530,0,22,0.01,791,8,8,783,775,True
20240530,0,22,0.02,791,16,16,775,767,True
20240530,0,22,0.05,791,40,40,751,743,True
20240530,0,22,0.1,791,80,79,711,704,True
20240530,0,22,0.2,791,159,157,632,626,True
20240530,0,22,0.4,791,317,315,474,468,True
20240530,0,23,0.01,791,8,8,783,775,True
20240530,0,23,0.02,791,16,16,775,767,True
20240530,0,23,0.05,791,40,40,751,743,True
20240530,0,23,0.1,791,80,80,711,703,True
20240530,0,23,0.2,791,159,159,632,624,True
20240530,0,23,0.4,791,317,314,474,469,True
20240530,0,24,0.01,791,8,8,783,775,True
20240530,0,24,0.02,791,16,16,775,767,True
20240530,0,24,0.05,791,40,40,751,743,True
20240530,0,24,0.1,791,80,79,711,704,True
20240530,0,24,0.2,791,159,157,632,626,True
20240530,0,24,0.4,791,317,315,474,468,True
20240530,1,0,0.01,801,9,9,792,783,True
20240530,1,0,0.02,801,17,17,784,775,True
20240530,1,0,0.05,801,41,41,760,751,True
20240530,1,0,0.1,801,81,81,720,711,True
20240530,1,0,0.2,801,161,161,640,631,True
20240530,1,0,0.4,801,321,319,480,473,True
20240530,1,1,0.01,801,9,8,792,784,True
20240530,1,1,0.02,801,17,16,784,776,True
20240530,1,1,0.05,801,41,39,760,753,True
20240530,1,1,0.1,801,81,77,720,715,True
20240530,1,1,0.2,801,161,157,640,635,True
20240530,1,1,0.4,801,321,314,480,478,True
20240530,1,2,0.01,801,9,9,792,783,True
20240530,1,2,0.02,801,17,17,784,775,True
20240530,1,2,0.05,801,41,40,760,752,True
20240530,1,2,0.1,801,81,80,720,712,True
20240530,1,2,0.2,801,161,160,640,632,True
20240530,1,2,0.4,801,321,318,480,474,True
20240530,1,3,0.01,801,9,9,792,783,True
20240530,1,3,0.02,801,17,17,784,775,True
20240530,1,3,0.05,801,41,41,760,751,True
20240530,1,3,0.1,801,81,81,720,711,True
20240530,1,3,0.2,801,161,161,640,631,True
20240530,1,3,0.4,801,321,320,480,472,True
20240530,1,4,0.01,801,9,9,792,783,True
20240530,1,4,0.02,801,17,17,784,775,True
20240530,1,4,0.05,801,41,41,760,751,True
20240530,1,4,0.1,801,81,81,720,711,True
20240530,1,4,0.2,801,161,160,640,632,True
20240530,1,4,0.4,801,321,318,480,474,True
20240530,1,5,0.01,801,9,8,792,784,True
20240530,1,5,0.02,801,17,16,784,776,True
20240530,1,5,0.05,801,41,40,760,752,True
20240530,1,5,0.1,801,81,80,720,712,True
20240530,1,5,0.2,801,161,159,640,633,True
20240530,1,5,0.4,801,321,318,480,474,True
20240530,1,6,0.01,801,9,9,792,783,True
20240530,1,6,0.02,801,17,17,784,775,True
20240530,1,6,0.05,801,41,41,760,751,True
20240530,1,6,0.1,801,81,80,720,712,True
20240530,1,6,0.2,801,161,159,640,633,True
20240530,1,6,0.4,801,321,317,480,475,True
20240530,1,7,0.01,801,9,9,792,783,True
20240530,1,7,0.02,801,17,17,784,775,True
20240530,1,7,0.05,801,41,41,760,751,True
20240530,1,7,0.1,801,81,80,720,712,True
20240530,1,7,0.2,801,161,158,640,634,True
20240530,1,7,0.4,801,321,316,480,476,True
20240530,1,8,0.01,801,9,9,792,783,True
20240530,1,8,0.02,801,17,17,784,775,True
20240530,1,8,0.05,801,41,40,760,752,True
20240530,1,8,0.1,801,81,80,720,712,True
20240530,1,8,0.2,801,161,159,640,633,True
20240530,1,8,0.4,801,321,317,480,475,True
20240530,1,9,0.01,801,9,9,792,783,True
20240530,1,9,0.02,801,17,17,784,775,True
20240530,1,9,0.05,801,41,41,760,751,True
20240530,1,9,0.1,801,81,80,720,712,True
20240530,1,9,0.2,801,161,160,640,632,True
20240530,1,9,0.4,801,321,317,480,475,True
20240530,1,10,0.01,801,9,9,792,783,True
20240530,1,10,0.02,801,17,17,784,775,True
20240530,1,10,0.05,801,41,41,760,751,True
20240530,1,10,0.1,801,81,81,720,711,True
20240530,1,10,0.2,801,161,161,640,631,True
20240530,1,10,0.4,801,321,319,480,473,True
20240530,1,11,0.01,801,9,9,792,783,True
20240530,1,11,0.02,801,17,16,784,776,True
20240530,1,11,0.05,801,41,40,760,752,True
20240530,1,11,0.1,801,81,79,720,713,True
20240530,1,11,0.2,801,161,158,640,634,True
20240530,1,11,0.4,801,321,317,480,475,True
20240530,1,12,0.01,801,9,9,792,783,True
20240530,1,12,0.02,801,17,16,784,776,True
20240530,1,12,0.05,801,41,40,760,752,True
20240530,1,12,0.1,801,81,80,720,712,True
20240530,1,12,0.2,801,161,160,640,632,True
20240530,1,12,0.4,801,321,317,480,475,True
20240530,1,13,0.01,801,9,9,792,783,True
20240530,1,13,0.02,801,17,17,784,775,True
20240530,1,13,0.05,801,41,41,760,751,True
20240530,1,13,0.1,801,81,80,720,712,True
20240530,1,13,0.2,801,161,159,640,633,True
20240530,1,13,0.4,801,321,319,480,473,True
20240530,1,14,0.01,801,9,9,792,783,True
20240530,1,14,0.02,801,17,16,784,776,True
20240530,1,14,0.05,801,41,40,760,752,True
20240530,1,14,0.1,801,81,80,720,712,True
20240530,1,14,0.2,801,161,159,640,633,True
20240530,1,14,0.4,801,321,319,480,473,True
20240530,1,15,0.01,801,9,9,792,783,True
20240530,1,15,0.02,801,17,17,784,775,True
20240530,1,15,0.05,801,41,41,760,751,True
20240530,1,15,0.1,801,81,81,720,711,True
20240530,1,15,0.2,801,161,160,640,632,True
20240530,1,15,0.4,801,321,318,480,474,True
20240530,1,16,0.01,801,9,9,792,783,True
20240530,1,16,0.02,801,17,17,784,775,True
20240530,1,16,0.05,801,41,41,760,751,True
20240530,1,16,0.1,801,81,81,720,711,True
20240530,1,16,0.2,801,161,160,640,632,True
20240530,1,16,0.4,801,321,319,480,473,True
20240530,1,17,0.01,801,9,9,792,783,True
20240530,1,17,0.02,801,17,17,784,775,True
20240530,1,17,0.05,801,41,41,760,751,True
20240530,1,17,0.1,801,81,80,720,712,True
20240530,1,17,0.2,801,161,160,640,632,True
20240530,1,17,0.4,801,321,318,480,474,True
20240530,1,18,0.01,801,9,8,792,784,True
20240530,1,18,0.02,801,17,16,784,776,True
20240530,1,18,0.05,801,41,40,760,752,True
20240530,1,18,0.1,801,81,80,720,712,True
20240530,1,18,0.2,801,161,159,640,633,True
20240530,1,18,0.4,801,321,316,480,476,True
20240530,1,19,0.01,801,9,9,792,783,True
20240530,1,19,0.02,801,17,17,784,775,True
20240530,1,19,0.05,801,41,40,760,752,True
20240530,1,19,0.1,801,81,79,720,713,True
20240530,1,19,0.2,801,161,159,640,633,True
20240530,1,19,0.4,801,321,317,480,475,True
20240530,1,20,0.01,801,9,9,792,783,True
20240530,1,20,0.02,801,17,16,784,776,True
20240530,1,20,0.05,801,41,40,760,752,True
20240530,1,20,0.1,801,81,80,720,712,True
20240530,1,20,0.2,801,161,160,640,632,True
20240530,1,20,0.4,801,321,319,480,473,True
20240530,1,21,0.01,801,9,9,792,783,True
20240530,1,21,0.02,801,17,16,784,776,True
20240530,1,21,0.05,801,41,40,760,752,True
20240530,1,21,0.1,801,81,79,720,713,True
20240530,1,21,0.2,801,161,158,640,634,True
20240530,1,21,0.4,801,321,318,480,474,True
20240530,1,22,0.01,801,9,9,792,783,True
20240530,1,22,0.02,801,17,17,784,775,True
20240530,1,22,0.05,801,41,41,760,751,True
20240530,1,22,0.1,801,81,80,720,712,True
20240530,1,22,0.2,801,161,159,640,633,True
20240530,1,22,0.4,801,321,318,480,474,True
20240530,1,23,0.01,801,9,9,792,783,True
20240530,1,23,0.02,801,17,17,784,775,True
20240530,1,23,0.05,801,41,41,760,751,True
20240530,1,23,0.1,801,81,81,720,711,True
20240530,1,23,0.2,801,161,161,640,631,True
20240530,1,23,0.4,801,321,319,480,473,True
20240530,1,24,0.01,801,9,9,792,783,True
20240530,1,24,0.02,801,17,17,784,775,True
20240530,1,24,0.05,801,41,40,760,752,True
20240530,1,24,0.1,801,81,80,720,712,True
20240530,1,24,0.2,801,161,158,640,634,True
20240530,1,24,0.4,801,321,315,480,477,True
20240701,0,0,0.01,845,9,9,836,823,True
20240701,0,0,0.02,845,17,17,828,815,True
20240701,0,0,0.05,845,43,42,802,790,True
20240701,0,0,0.1,845,85,84,760,748,True
20240701,0,0,0.2,845,169,166,676,666,True
20240701,0,0,0.4,845,338,332,507,500,True
20240701,0,1,0.01,845,9,9,836,823,True
20240701,0,1,0.02,845,17,17,828,815,True
20240701,0,1,0.05,845,43,43,802,789,True
20240701,0,1,0.1,845,85,84,760,748,True
20240701,0,1,0.2,845,169,164,676,668,True
20240701,0,1,0.4,845,338,332,507,500,True
20240701,0,2,0.01,845,9,9,836,823,True
20240701,0,2,0.02,845,17,17,828,815,True
20240701,0,2,0.05,845,43,42,802,790,True
20240701,0,2,0.1,845,85,83,760,749,True
20240701,0,2,0.2,845,169,164,676,668,True
20240701,0,2,0.4,845,338,331,507,501,True
20240701,0,3,0.01,845,9,9,836,823,True
20240701,0,3,0.02,845,17,17,828,815,True
20240701,0,3,0.05,845,43,43,802,789,True
20240701,0,3,0.1,845,85,83,760,749,True
20240701,0,3,0.2,845,169,165,676,667,True
20240701,0,3,0.4,845,338,331,507,501,True
20240701,0,4,0.01,845,9,9,836,823,True
20240701,0,4,0.02,845,17,17,828,815,True
20240701,0,4,0.05,845,43,43,802,789,True
20240701,0,4,0.1,845,85,84,760,748,True
20240701,0,4,0.2,845,169,164,676,668,True
20240701,0,4,0.4,845,338,329,507,503,True
20240701,0,5,0.01,845,9,9,836,823,True
20240701,0,5,0.02,845,17,17,828,815,True
20240701,0,5,0.05,845,43,43,802,789,True
20240701,0,5,0.1,845,85,85,760,747,True
20240701,0,5,0.2,845,169,168,676,664,True
20240701,0,5,0.4,845,338,334,507,498,True
20240701,0,6,0.01,845,9,9,836,823,True
20240701,0,6,0.02,845,17,16,828,816,True
20240701,0,6,0.05,845,43,41,802,791,True
20240701,0,6,0.1,845,85,83,760,749,True
20240701,0,6,0.2,845,169,167,676,665,True
20240701,0,6,0.4,845,338,333,507,499,True
20240701,0,7,0.01,845,9,9,836,823,True
20240701,0,7,0.02,845,17,17,828,815,True
20240701,0,7,0.05,845,43,43,802,789,True
20240701,0,7,0.1,845,85,84,760,748,True
20240701,0,7,0.2,845,169,166,676,666,True
20240701,0,7,0.4,845,338,332,507,500,True
20240701,0,8,0.01,845,9,9,836,823,True
20240701,0,8,0.02,845,17,17,828,815,True
20240701,0,8,0.05,845,43,42,802,790,True
20240701,0,8,0.1,845,85,84,760,748,True
20240701,0,8,0.2,845,169,165,676,667,True
20240701,0,8,0.4,845,338,330,507,502,True
20240701,0,9,0.01,845,9,9,836,823,True
20240701,0,9,0.02,845,17,17,828,815,True
20240701,0,9,0.05,845,43,43,802,789,True
20240701,0,9,0.1,845,85,85,760,747,True
20240701,0,9,0.2,845,169,167,676,665,True
20240701,0,9,0.4,845,338,332,507,500,True
20240701,0,10,0.01,845,9,9,836,823,True
20240701,0,10,0.02,845,17,17,828,815,True
20240701,0,10,0.05,845,43,43,802,789,True
20240701,0,10,0.1,845,85,85,760,747,True
20240701,0,10,0.2,845,169,167,676,665,True
20240701,0,10,0.4,845,338,335,507,497,True
20240701,0,11,0.01,845,9,9,836,823,True
20240701,0,11,0.02,845,17,17,828,815,True
20240701,0,11,0.05,845,43,43,802,789,True
20240701,0,11,0.1,845,85,85,760,747,True
20240701,0,11,0.2,845,169,166,676,666,True
20240701,0,11,0.4,845,338,331,507,501,True
20240701,0,12,0.01,845,9,9,836,823,True
20240701,0,12,0.02,845,17,17,828,815,True
20240701,0,12,0.05,845,43,42,802,790,True
20240701,0,12,0.1,845,85,84,760,748,True
20240701,0,12,0.2,845,169,166,676,666,True
20240701,0,12,0.4,845,338,332,507,500,True
20240701,0,13,0.01,845,9,9,836,823,True
20240701,0,13,0.02,845,17,17,828,815,True
20240701,0,13,0.05,845,43,43,802,789,True
20240701,0,13,0.1,845,85,85,760,747,True
20240701,0,13,0.2,845,169,167,676,665,True
20240701,0,13,0.4,845,338,332,507,500,True
20240701,0,14,0.01,845,9,9,836,823,True
20240701,0,14,0.02,845,17,17,828,815,True
20240701,0,14,0.05,845,43,42,802,790,True
20240701,0,14,0.1,845,85,83,760,749,True
20240701,0,14,0.2,845,169,165,676,667,True
20240701,0,14,0.4,845,338,331,507,501,True
20240701,0,15,0.01,845,9,9,836,823,True
20240701,0,15,0.02,845,17,17,828,815,True
20240701,0,15,0.05,845,43,43,802,789,True
20240701,0,15,0.1,845,85,85,760,747,True
20240701,0,15,0.2,845,169,168,676,664,True
20240701,0,15,0.4,845,338,337,507,495,True
20240701,0,16,0.01,845,9,8,836,824,True
20240701,0,16,0.02,845,17,16,828,816,True
20240701,0,16,0.05,845,43,42,802,790,True
20240701,0,16,0.1,845,85,84,760,748,True
20240701,0,16,0.2,845,169,166,676,666,True
20240701,0,16,0.4,845,338,333,507,499,True
20240701,0,17,0.01,845,9,9,836,823,True
20240701,0,17,0.02,845,17,17,828,815,True
20240701,0,17,0.05,845,43,41,802,791,True
20240701,0,17,0.1,845,85,83,760,749,True
20240701,0,17,0.2,845,169,165,676,667,True
20240701,0,17,0.4,845,338,333,507,499,True
20240701,0,18,0.01,845,9,9,836,823,True
20240701,0,18,0.02,845,17,17,828,815,True
20240701,0,18,0.05,845,43,43,802,789,True
20240701,0,18,0.1,845,85,83,760,749,True
20240701,0,18,0.2,845,169,166,676,666,True
20240701,0,18,0.4,845,338,331,507,501,True
20240701,0,19,0.01,845,9,9,836,823,True
20240701,0,19,0.02,845,17,17,828,815,True
20240701,0,19,0.05,845,43,43,802,789,True
20240701,0,19,0.1,845,85,84,760,748,True
20240701,0,19,0.2,845,169,166,676,666,True
20240701,0,19,0.4,845,338,330,507,502,True
20240701,0,20,0.01,845,9,9,836,823,True
20240701,0,20,0.02,845,17,17,828,815,True
20240701,0,20,0.05,845,43,42,802,790,True
20240701,0,20,0.1,845,85,84,760,748,True
20240701,0,20,0.2,845,169,167,676,665,True
20240701,0,20,0.4,845,338,332,507,500,True
20240701,0,21,0.01,845,9,9,836,823,True
20240701,0,21,0.02,845,17,17,828,815,True
20240701,0,21,0.05,845,43,43,802,789,True
20240701,0,21,0.1,845,85,85,760,747,True
20240701,0,21,0.2,845,169,168,676,664,True
20240701,0,21,0.4,845,338,335,507,497,True
20240701,0,22,0.01,845,9,9,836,823,True
20240701,0,22,0.02,845,17,17,828,815,True
20240701,0,22,0.05,845,43,42,802,790,True
20240701,0,22,0.1,845,85,84,760,748,True
20240701,0,22,0.2,845,169,166,676,666,True
20240701,0,22,0.4,845,338,333,507,499,True
20240701,0,23,0.01,845,9,9,836,823,True
20240701,0,23,0.02,845,17,17,828,815,True
20240701,0,23,0.05,845,43,43,802,789,True
20240701,0,23,0.1,845,85,85,760,747,True
20240701,0,23,0.2,845,169,169,676,663,True
20240701,0,23,0.4,845,338,337,507,495,True
20240701,0,24,0.01,845,9,9,836,823,True
20240701,0,24,0.02,845,17,17,828,815,True
20240701,0,24,0.05,845,43,43,802,789,True
20240701,0,24,0.1,845,85,85,760,747,True
20240701,0,24,0.2,845,169,166,676,666,True
20240701,0,24,0.4,845,338,332,507,500,True
20240701,1,0,0.01,855,9,9,846,838,True
20240701,1,0,0.02,855,18,18,837,829,True
20240701,1,0,0.05,855,43,42,812,805,True
20240701,1,0,0.1,855,86,85,769,762,True
20240701,1,0,0.2,855,171,170,684,677,True
20240701,1,0,0.4,855,342,341,513,506,True
20240701,1,1,0.01,855,9,9,846,838,True
20240701,1,1,0.02,855,18,18,837,829,True
20240701,1,1,0.05,855,43,43,812,804,True
20240701,1,1,0.1,855,86,86,769,761,True
20240701,1,1,0.2,855,171,170,684,677,True
20240701,1,1,0.4,855,342,340,513,507,True
20240701,1,2,0.01,855,9,8,846,839,True
20240701,1,2,0.02,855,18,17,837,830,True
20240701,1,2,0.05,855,43,42,812,805,True
20240701,1,2,0.1,855,86,85,769,762,True
20240701,1,2,0.2,855,171,169,684,678,True
20240701,1,2,0.4,855,342,338,513,509,True
20240701,1,3,0.01,855,9,9,846,838,True
20240701,1,3,0.02,855,18,18,837,829,True
20240701,1,3,0.05,855,43,43,812,804,True
20240701,1,3,0.1,855,86,86,769,761,True
20240701,1,3,0.2,855,171,169,684,678,True
20240701,1,3,0.4,855,342,337,513,510,True
20240701,1,4,0.01,855,9,9,846,838,True
20240701,1,4,0.02,855,18,18,837,829,True
20240701,1,4,0.05,855,43,43,812,804,True
20240701,1,4,0.1,855,86,86,769,761,True
20240701,1,4,0.2,855,171,171,684,676,True
20240701,1,4,0.4,855,342,339,513,508,True
20240701,1,5,0.01,855,9,9,846,838,True
20240701,1,5,0.02,855,18,18,837,829,True
20240701,1,5,0.05,855,43,43,812,804,True
20240701,1,5,0.1,855,86,86,769,761,True
20240701,1,5,0.2,855,171,171,684,676,True
20240701,1,5,0.4,855,342,341,513,506,True
20240701,1,6,0.01,855,9,9,846,838,True
20240701,1,6,0.02,855,18,18,837,829,True
20240701,1,6,0.05,855,43,43,812,804,True
20240701,1,6,0.1,855,86,86,769,761,True
20240701,1,6,0.2,855,171,169,684,678,True
20240701,1,6,0.4,855,342,338,513,509,True
20240701,1,7,0.01,855,9,9,846,838,True
20240701,1,7,0.02,855,18,18,837,829,True
20240701,1,7,0.05,855,43,43,812,804,True
20240701,1,7,0.1,855,86,86,769,761,True
20240701,1,7,0.2,855,171,169,684,678,True
20240701,1,7,0.4,855,342,340,513,507,True
20240701,1,8,0.01,855,9,9,846,838,True
20240701,1,8,0.02,855,18,18,837,829,True
20240701,1,8,0.05,855,43,43,812,804,True
20240701,1,8,0.1,855,86,86,769,761,True
20240701,1,8,0.2,855,171,170,684,677,True
20240701,1,8,0.4,855,342,340,513,507,True
20240701,1,9,0.01,855,9,9,846,838,True
20240701,1,9,0.02,855,18,18,837,829,True
20240701,1,9,0.05,855,43,43,812,804,True
20240701,1,9,0.1,855,86,86,769,761,True
20240701,1,9,0.2,855,171,170,684,677,True
20240701,1,9,0.4,855,342,339,513,508,True
20240701,1,10,0.01,855,9,9,846,838,True
20240701,1,10,0.02,855,18,18,837,829,True
20240701,1,10,0.05,855,43,42,812,805,True
20240701,1,10,0.1,855,86,85,769,762,True
20240701,1,10,0.2,855,171,169,684,678,True
20240701,1,10,0.4,855,342,339,513,508,True
20240701,1,11,0.01,855,9,9,846,838,True
20240701,1,11,0.02,855,18,18,837,829,True
20240701,1,11,0.05,855,43,43,812,804,True
20240701,1,11,0.1,855,86,86,769,761,True
20240701,1,11,0.2,855,171,171,684,676,True
20240701,1,11,0.4,855,342,339,513,508,True
20240701,1,12,0.01,855,9,8,846,839,True
20240701,1,12,0.02,855,18,17,837,830,True
20240701,1,12,0.05,855,43,42,812,805,True
20240701,1,12,0.1,855,86,85,769,762,True
20240701,1,12,0.2,855,171,170,684,677,True
20240701,1,12,0.4,855,342,337,513,510,True
20240701,1,13,0.01,855,9,8,846,839,True
20240701,1,13,0.02,855,18,17,837,830,True
20240701,1,13,0.05,855,43,42,812,805,True
20240701,1,13,0.1,855,86,85,769,762,True
20240701,1,13,0.2,855,171,170,684,677,True
20240701,1,13,0.4,855,342,341,513,506,True
20240701,1,14,0.01,855,9,9,846,838,True
20240701,1,14,0.02,855,18,18,837,829,True
20240701,1,14,0.05,855,43,43,812,804,True
20240701,1,14,0.1,855,86,86,769,761,True
20240701,1,14,0.2,855,171,169,684,678,True
20240701,1,14,0.4,855,342,337,513,510,True
20240701,1,15,0.01,855,9,9,846,838,True
20240701,1,15,0.02,855,18,18,837,829,True
20240701,1,15,0.05,855,43,43,812,804,True
20240701,1,15,0.1,855,86,86,769,761,True
20240701,1,15,0.2,855,171,169,684,678,True
20240701,1,15,0.4,855,342,339,513,508,True
20240701,1,16,0.01,855,9,8,846,839,True
20240701,1,16,0.02,855,18,16,837,831,True
20240701,1,16,0.05,855,43,41,812,806,True
20240701,1,16,0.1,855,86,83,769,764,True
20240701,1,16,0.2,855,171,166,684,681,True
20240701,1,16,0.4,855,342,336,513,511,True
20240701,1,17,0.01,855,9,9,846,838,True
20240701,1,17,0.02,855,18,17,837,830,True
20240701,1,17,0.05,855,43,42,812,805,True
20240701,1,17,0.1,855,86,85,769,762,True
20240701,1,17,0.2,855,171,170,684,677,True
20240701,1,17,0.4,855,342,340,513,507,True
20240701,1,18,0.01,855,9,9,846,838,True
20240701,1,18,0.02,855,18,18,837,829,True
20240701,1,18,0.05,855,43,43,812,804,True
20240701,1,18,0.1,855,86,86,769,761,True
20240701,1,18,0.2,855,171,168,684,679,True
20240701,1,18,0.4,855,342,339,513,508,True
20240701,1,19,0.01,855,9,9,846,838,True
20240701,1,19,0.02,855,18,18,837,829,True
20240701,1,19,0.05,855,43,42,812,805,True
20240701,1,19,0.1,855,86,85,769,762,True
20240701,1,19,0.2,855,171,168,684,679,True
20240701,1,19,0.4,855,342,337,513,510,True
20240701,1,20,0.01,855,9,9,846,838,True
20240701,1,20,0.02,855,18,18,837,829,True
20240701,1,20,0.05,855,43,43,812,804,True
20240701,1,20,0.1,855,86,85,769,762,True
20240701,1,20,0.2,855,171,170,684,677,True
20240701,1,20,0.4,855,342,340,513,507,True
20240701,1,21,0.01,855,9,9,846,838,True
20240701,1,21,0.02,855,18,18,837,829,True
20240701,1,21,0.05,855,43,43,812,804,True
20240701,1,21,0.1,855,86,85,769,762,True
20240701,1,21,0.2,855,171,170,684,677,True
20240701,1,21,0.4,855,342,338,513,509,True
20240701,1,22,0.01,855,9,9,846,838,True
20240701,1,22,0.02,855,18,17,837,830,True
20240701,1,22,0.05,855,43,42,812,805,True
20240701,1,22,0.1,855,86,84,769,763,True
20240701,1,22,0.2,855,171,169,684,678,True
20240701,1,22,0.4,855,342,340,513,507,True
20240701,1,23,0.01,855,9,9,846,838,True
20240701,1,23,0.02,855,18,18,837,829,True
20240701,1,23,0.05,855,43,43,812,804,True
20240701,1,23,0.1,855,86,86,769,761,True
20240701,1,23,0.2,855,171,170,684,677,True
20240701,1,23,0.4,855,342,339,513,508,True
20240701,1,24,0.01,855,9,9,846,838,True
20240701,1,24,0.02,855,18,18,837,829,True
20240701,1,24,0.05,855,43,43,812,804,True
20240701,1,24,0.1,855,86,86,769,761,True
20240701,1,24,0.2,855,171,170,684,677,True
20240701,1,24,0.4,855,342,341,513,506,True
