volume,eye,survival_fraction,method,n_repeats,median_repeat_mae_um,p90_repeat_mae_um,median_repeat_normalized_mae
20231107,0,0.01,donor_template,24,3.2688482280380864,4.500055955074472,0.11499463507706913
20231107,0,0.01,nearest_visible_surface,24,2.915984799150886,3.8732255589006117,0.10178859976743927
20231107,0,0.01,six_neighbor_depth_shared_shape,24,2.7724432335164217,3.3793344430432244,0.09587625098808564
20231107,0,0.01,six_neighbor_surface,24,2.772370296317967,3.366388971827302,0.09575697528728533
20231107,0,0.02,donor_template,25,3.0251406650215764,3.580863776619951,0.10258024812883199
20231107,0,0.02,nearest_visible_surface,25,2.6267592056246105,3.0096116811184452,0.09109046245892972
20231107,0,0.02,six_neighbor_depth_shared_shape,25,2.224237199566377,2.5853960941603455,0.07605701045590471
20231107,0,0.02,six_neighbor_surface,25,2.232585747615453,2.5931504786326482,0.07782700511805979
20231107,0,0.05,donor_template,25,3.0391168928967045,3.2486119613028834,0.10239540130583498
20231107,0,0.05,nearest_visible_surface,25,2.05668495962103,2.2691600304971185,0.07425537507802321
20231107,0,0.05,six_neighbor_depth_shared_shape,25,1.7346812682237716,2.0654108853756967,0.06301164785794826
20231107,0,0.05,six_neighbor_surface,25,1.7618134383988424,2.0627004994762546,0.0637166911811291
20231107,0,0.1,donor_template,25,3.0115945359452794,3.2346943751503243,0.10215268451667346
20231107,0,0.1,nearest_visible_surface,25,1.7706981825911854,1.9016982870659072,0.06350988692934956
20231107,0,0.1,six_neighbor_depth_shared_shape,25,1.5187670298009543,1.6056958816077749,0.054337037439911036
20231107,0,0.1,six_neighbor_surface,25,1.5356968074845114,1.610214356137618,0.054447806829172746
20231107,0,0.2,donor_template,25,3.0055930444023256,3.092965634336041,0.1020110052014711
20231107,0,0.2,nearest_visible_surface,25,1.486908750981522,1.5678741383586439,0.05317480940297996
20231107,0,0.2,six_neighbor_depth_shared_shape,25,1.2603756186641424,1.3363770068848533,0.04558203263498239
20231107,0,0.2,six_neighbor_surface,25,1.2641412677228179,1.348698881507561,0.04567256735022719
20231107,0,0.4,donor_template,25,3.021448208773533,3.22270467179711,0.1027695560237013
20231107,0,0.4,nearest_visible_surface,25,1.3251711096725405,1.3794260220398096,0.04723472914214884
20231107,0,0.4,six_neighbor_depth_shared_shape,25,1.0642634302883256,1.115504648527727,0.03803833873944456
20231107,0,0.4,six_neighbor_surface,25,1.066560795757715,1.1239823459527125,0.037959288434479196
20231107,1,0.01,donor_template,25,3.1011267641521982,4.026642033635206,0.10536763596751217
20231107,1,0.01,nearest_visible_surface,25,3.1341803391946965,3.8418808975700633,0.10557859881991716
20231107,1,0.01,six_neighbor_depth_shared_shape,25,2.758439716798404,3.441597438453042,0.09348590040050495
20231107,1,0.01,six_neighbor_surface,25,2.8323323172315256,3.4618460440179617,0.09397018628386956
20231107,1,0.02,donor_template,25,2.994038364418504,3.306954887639087,0.10108882684886533
20231107,1,0.02,nearest_visible_surface,25,2.823503511025417,3.2435651200853184,0.09367588757151837
20231107,1,0.02,six_neighbor_depth_shared_shape,25,2.2984343504443303,2.685970316973371,0.07937037655462031
20231107,1,0.02,six_neighbor_surface,25,2.289095572374671,2.7540527735744043,0.08023522160350324
20231107,1,0.05,donor_template,25,2.9735229804564614,3.109598440532727,0.10039674649905003
20231107,1,0.05,nearest_visible_surface,25,2.311508646561432,2.5807311756794986,0.0785797709937384
20231107,1,0.05,six_neighbor_depth_shared_shape,25,1.9480820347902645,2.184798373206458,0.06702488189760042
20231107,1,0.05,six_neighbor_surface,25,1.9632533447463691,2.228856190406082,0.06817056697847279
20231107,1,0.1,donor_template,25,2.9768967426920407,3.111616459527605,0.10098460190706332
20231107,1,0.1,nearest_visible_surface,25,2.0084801945109025,2.1738487879105906,0.06954636050631616
20231107,1,0.1,six_neighbor_depth_shared_shape,25,1.7225787193259654,1.8341431234643957,0.05827221294271435
20231107,1,0.1,six_neighbor_surface,25,1.7264383875977107,1.8490744264762018,0.059372406592061035
20231107,1,0.2,donor_template,25,2.9850033382342582,3.0947956880150245,0.1004702858473546
20231107,1,0.2,nearest_visible_surface,25,1.7846681057683615,1.8653487359764687,0.061453812387901076
20231107,1,0.2,six_neighbor_depth_shared_shape,25,1.4560900261821652,1.5267608109885882,0.05058915186614411
20231107,1,0.2,six_neighbor_surface,25,1.4715462654969933,1.5483187478642357,0.0508574242415024
20231107,1,0.4,donor_template,25,2.9720170154873795,3.1263786422437185,0.09949121411637334
20231107,1,0.4,nearest_visible_surface,25,1.630642505811184,1.727904088406657,0.056441400833385585
20231107,1,0.4,six_neighbor_depth_shared_shape,25,1.2863243027042905,1.3467370392901685,0.044582083395938554
20231107,1,0.4,six_neighbor_surface,25,1.2883359519752668,1.3612235281435747,0.044664686398069364
20240530,0,0.01,donor_template,25,0.6466211048174296,1.0161924381506005,0.03974293266105078
20240530,0,0.01,nearest_visible_surface,25,0.7864393377892991,1.1307908311891346,0.04906460723421719
20240530,0,0.01,six_neighbor_depth_shared_shape,25,0.7238057444517302,1.1668928768332933,0.04499821350074714
20240530,0,0.01,six_neighbor_surface,25,0.7448228378869323,1.2424606613943745,0.04580790325334
20240530,0,0.02,donor_template,25,0.6502529689182256,0.7959127417879637,0.03970167509302048
20240530,0,0.02,nearest_visible_surface,25,0.694637997857489,0.953168710237835,0.04304806394875444
20240530,0,0.02,six_neighbor_depth_shared_shape,25,0.6786765991669452,0.8049223380615891,0.041875950085311885
20240530,0,0.02,six_neighbor_surface,25,0.6813683813993763,0.8587482439143153,0.042308359609800325
20240530,0,0.05,donor_template,25,0.653927929143886,0.6951179086540101,0.04008262817858657
20240530,0,0.05,nearest_visible_surface,25,0.6016175764906148,0.6962830444694015,0.03732038347935969
20240530,0,0.05,six_neighbor_depth_shared_shape,25,0.5712084518777854,0.6553746972461192,0.035756762429596356
20240530,0,0.05,six_neighbor_surface,25,0.5933657621892121,0.6837212605320477,0.03636763543770953
20240530,0,0.1,donor_template,25,0.6566025278215423,0.6832257761396395,0.040228454524810234
20240530,0,0.1,nearest_visible_surface,25,0.5257552186315588,0.57426876821754,0.03292518283117338
20240530,0,0.1,six_neighbor_depth_shared_shape,25,0.5092030419393132,0.5577035801487107,0.03142343226694389
20240530,0,0.1,six_neighbor_surface,25,0.5106565434643985,0.5676506383291775,0.03185847712974127
20240530,0,0.2,donor_template,25,0.6486850339152099,0.6763017299331914,0.039725999619301504
20240530,0,0.2,nearest_visible_surface,25,0.46777601831119575,0.495617101804373,0.02899529764535346
20240530,0,0.2,six_neighbor_depth_shared_shape,25,0.4421742946823471,0.4684150392223838,0.027420940747054735
20240530,0,0.2,six_neighbor_surface,25,0.4461481562056609,0.4734757378221667,0.027498063900626934
20240530,0,0.4,donor_template,25,0.6409547501554339,0.6912139894206399,0.03909421769177627
20240530,0,0.4,nearest_visible_surface,25,0.4296916518096106,0.4537896421612626,0.02654817854891198
20240530,0,0.4,six_neighbor_depth_shared_shape,25,0.3805181961588318,0.40236862249787025,0.023787716901301423
20240530,0,0.4,six_neighbor_surface,25,0.3820357543995423,0.39935463326185094,0.023471608207765074
20240530,1,0.01,donor_template,25,0.733598750054381,0.999184903056332,0.043283937849954046
20240530,1,0.01,nearest_visible_surface,25,0.9325136731363476,1.0811100884403255,0.05657288780410286
20240530,1,0.01,six_neighbor_depth_shared_shape,25,0.8309274604110383,1.2015214755524577,0.04914548431799215
20240530,1,0.01,six_neighbor_surface,25,0.8679610455105804,1.2218249959126803,0.0511071201545127
20240530,1,0.02,donor_template,25,0.7232711309207918,0.9032445209335381,0.043229922227602795
20240530,1,0.02,nearest_visible_surface,25,0.8387199005633303,0.9182157753007522,0.051228041253343175
20240530,1,0.02,six_neighbor_depth_shared_shape,25,0.8045954622643879,1.078834517490939,0.04847781511409228
20240530,1,0.02,six_neighbor_surface,25,0.854176742273879,1.0988879548204855,0.051389800883967114
20240530,1,0.05,donor_template,25,0.720583825102783,0.8153843644523067,0.04209529068615697
20240530,1,0.05,nearest_visible_surface,25,0.6539062309880201,0.7148166811961543,0.04054337266935994
20240530,1,0.05,six_neighbor_depth_shared_shape,25,0.658208543675473,0.7232804335222471,0.039668622224663504
20240530,1,0.05,six_neighbor_surface,25,0.6675518078642653,0.7561126469333419,0.03970226160443895
20240530,1,0.1,donor_template,25,0.6844470867708082,0.7570355174908819,0.040539548331303146
20240530,1,0.1,nearest_visible_surface,25,0.5764414853341473,0.6101062335534375,0.034894285609220324
20240530,1,0.1,six_neighbor_depth_shared_shape,25,0.5487628444400311,0.5956049199198893,0.03310433815621733
20240530,1,0.1,six_neighbor_surface,25,0.5702459477172164,0.6099766653352853,0.034897355442540086
20240530,1,0.2,donor_template,25,0.6991617546557791,0.7333283461290367,0.040852419686943336
20240530,1,0.2,nearest_visible_surface,25,0.5087795483334842,0.5305843476414156,0.03130254080739595
20240530,1,0.2,six_neighbor_depth_shared_shape,25,0.4981274929609675,0.5235250946977542,0.030206409083265207
20240530,1,0.2,six_neighbor_surface,25,0.49083304360580793,0.5319800426562319,0.029763505304636687
20240530,1,0.4,donor_template,25,0.6889684250978515,0.7247184952585809,0.040544706589027174
20240530,1,0.4,nearest_visible_surface,25,0.46181933478288467,0.4777093161090969,0.028269992884721713
20240530,1,0.4,six_neighbor_depth_shared_shape,25,0.4309334384807031,0.45415133748917097,0.02574904447822319
20240530,1,0.4,six_neighbor_surface,25,0.4187773340787415,0.45017503757523625,0.025476337308312377
20240701,0,0.01,donor_template,25,0.9552910034989792,1.201778171585776,0.06657014146004525
20240701,0,0.01,nearest_visible_surface,25,1.3285508996621345,1.6904939689941447,0.09545255879091868
20240701,0,0.01,six_neighbor_depth_shared_shape,25,1.0830616435125626,1.5055997792102964,0.07879351236609669
20240701,0,0.01,six_neighbor_surface,25,1.089487768788826,1.5471698088396197,0.0813261913997028
20240701,0,0.02,donor_template,25,0.9546281270197124,1.107317487834093,0.06738120843241403
20240701,0,0.02,nearest_visible_surface,25,1.1781210520784573,1.3376568346866873,0.08503488049876379
20240701,0,0.02,six_neighbor_depth_shared_shape,25,1.0249897134225787,1.201120336677344,0.0736363398489071
20240701,0,0.02,six_neighbor_surface,25,1.049486108925987,1.2263728019748126,0.07566666606172685
20240701,0,0.05,donor_template,25,0.9426079742746831,1.021328255265953,0.06570216928946163
20240701,0,0.05,nearest_visible_surface,25,0.9291239658622404,1.0635916896852378,0.06761802268731601
20240701,0,0.05,six_neighbor_depth_shared_shape,25,0.8614015472701333,0.9410582923620355,0.06232400111651645
20240701,0,0.05,six_neighbor_surface,25,0.880512802056495,0.9792376438715438,0.06304967695162159
20240701,0,0.1,donor_template,25,0.9366195706404407,0.9711197205399955,0.06528120550441459
20240701,0,0.1,nearest_visible_surface,25,0.8189732085368497,0.8687313532050047,0.05984659835839952
20240701,0,0.1,six_neighbor_depth_shared_shape,25,0.7732435640197853,0.8398916914512387,0.05638435773325235
20240701,0,0.1,six_neighbor_surface,25,0.7827186894483973,0.8440378589659495,0.05744480540654916
20240701,0,0.2,donor_template,25,0.9089878068210762,0.9587998494050203,0.06431751201822676
20240701,0,0.2,nearest_visible_surface,25,0.7407708739659373,0.7657815811546234,0.053781907434471546
20240701,0,0.2,six_neighbor_depth_shared_shape,25,0.6824323819547178,0.7260402300663689,0.049944772926820195
20240701,0,0.2,six_neighbor_surface,25,0.691786305507671,0.7381177295358373,0.05092166513630289
20240701,0,0.4,donor_template,25,0.9172317181075845,0.9562022160728572,0.0639369361736049
20240701,0,0.4,nearest_visible_surface,25,0.6670391735177225,0.7231881518572341,0.04906534185149965
20240701,0,0.4,six_neighbor_depth_shared_shape,25,0.6062326084868981,0.6426683091785766,0.043677066826982816
20240701,0,0.4,six_neighbor_surface,25,0.5924871303674543,0.632366619977825,0.04364145433694615
20240701,1,0.01,donor_template,25,0.9327616294119755,1.142755803082518,0.0672380659304197
20240701,1,0.01,nearest_visible_surface,25,1.1847767717233277,1.401778459414699,0.08524563128888708
20240701,1,0.01,six_neighbor_depth_shared_shape,25,0.9345951608326613,1.074567689354869,0.06776925471014598
20240701,1,0.01,six_neighbor_surface,25,0.9937925829696359,1.1205155349716922,0.06978204152368694
20240701,1,0.02,donor_template,25,0.9078644908124147,0.9565869912081847,0.06436329164375998
20240701,1,0.02,nearest_visible_surface,25,1.0184850802872467,1.1762531203298945,0.07404883190131419
20240701,1,0.02,six_neighbor_depth_shared_shape,25,0.8575826666590906,0.9479113027232676,0.06197439822180901
20240701,1,0.02,six_neighbor_surface,25,0.8923204644774325,0.9946065751019489,0.0638341616024902
20240701,1,0.05,donor_template,25,0.8830014092648513,0.9295363687469951,0.06362399755315934
20240701,1,0.05,nearest_visible_surface,25,0.8991183573674746,0.9892292402520172,0.06647770804744242
20240701,1,0.05,six_neighbor_depth_shared_shape,25,0.7848271032945441,0.8590877166916884,0.05752799216970493
20240701,1,0.05,six_neighbor_surface,25,0.8210026342717657,0.8813573937560577,0.06050822416316182
20240701,1,0.1,donor_template,25,0.8867601419187393,0.9135963124413458,0.06326775956905915
20240701,1,0.1,nearest_visible_surface,25,0.8171444138801519,0.8396572450896108,0.05986128111714208
20240701,1,0.1,six_neighbor_depth_shared_shape,25,0.7135312876004907,0.7611376347287395,0.05210569609570717
20240701,1,0.1,six_neighbor_surface,25,0.7390428235848417,0.7868882825619858,0.054428396856836245
20240701,1,0.2,donor_template,25,0.8782682635912157,0.912683585724689,0.06305263333178385
20240701,1,0.2,nearest_visible_surface,25,0.7162371739465045,0.74704913878693,0.05353920760596979
20240701,1,0.2,six_neighbor_depth_shared_shape,25,0.6420816898877826,0.6639880257417002,0.04686442228502298
20240701,1,0.2,six_neighbor_surface,25,0.661830573781615,0.6920561523534836,0.04838375623610547
20240701,1,0.4,donor_template,25,0.8802030937496172,0.9139837674433392,0.06310363381110433
20240701,1,0.4,nearest_visible_surface,25,0.6520759296647134,0.6732796223690246,0.048518113866807225
20240701,1,0.4,six_neighbor_depth_shared_shape,25,0.5921326746583452,0.6190250556821002,0.04347126633566467
20240701,1,0.4,six_neighbor_surface,25,0.5835248697317565,0.6133047663135883,0.04353734694599448
