lens_id,block,z,x,radius_voxels,method,target_valid,mae_voxels,median_target_thickness_voxels,nonpositive_predicted_thickness_fraction
0,0,267,233,20.6690192488564,outer_ellipsoid,True,9.494925735990446,20.0,0.0
0,0,267,233,20.6690192488564,frozen_training_template,True,3.5294215036870225,20.0,0.0
0,0,267,233,20.6690192488564,frozen_outer_geometry,True,1.824682692979204,20.0,0.0
1,0,269,137,21.38893027689461,outer_ellipsoid,True,15.019744104854851,19.022199044939015,0.0
1,0,269,137,21.38893027689461,frozen_training_template,True,4.1256961364287354,19.022199044939015,0.0
1,0,269,137,21.38893027689461,frozen_outer_geometry,True,2.6723408593952565,19.022199044939015,0.0
2,0,276,81,21.70816428178795,outer_ellipsoid,True,11.481375200017654,19.696049050833324,0.0
2,0,276,81,21.70816428178795,frozen_training_template,True,2.5414027944977255,19.696049050833324,0.0
2,0,276,81,21.70816428178795,frozen_outer_geometry,True,1.6074017424400433,19.696049050833324,0.0
3,0,278,272,20.693947312529712,outer_ellipsoid,True,10.706683645935318,20.0,0.0
3,0,278,272,20.693947312529712,frozen_training_template,True,3.841216411930505,20.0,0.0
3,0,278,272,20.693947312529712,frozen_outer_geometry,True,2.1805384391207556,20.0,0.0
4,0,285,313,20.693947312529712,outer_ellipsoid,True,10.438767294577296,20.287386963136242,0.0
4,0,285,313,20.693947312529712,frozen_training_template,True,3.4676531701741045,20.287386963136242,0.0
4,0,285,313,20.693947312529712,frozen_outer_geometry,True,1.3729489932334933,20.287386963136242,0.0
5,0,287,175,20.68846423933813,outer_ellipsoid,True,12.382721527073093,20.0,0.0
5,0,287,175,20.68846423933813,frozen_training_template,True,4.023835196929155,20.0,0.0
5,0,287,175,20.68846423933813,frozen_outer_geometry,True,2.3665818545193176,20.0,0.0
6,0,290,353,20.69450695815771,outer_ellipsoid,True,14.021418828344109,21.0,0.0
6,0,290,353,20.69450695815771,frozen_training_template,True,3.860083437306422,21.0,0.0
6,0,290,353,20.69450695815771,frozen_outer_geometry,True,1.4528051054952513,21.0,0.0
7,0,292,391,20.35313243704762,outer_ellipsoid,True,15.418430911655461,21.451684376440028,0.0
7,0,292,391,20.35313243704762,frozen_training_template,True,4.323618684271924,21.451684376440028,0.0
7,0,292,391,20.35313243704762,frozen_outer_geometry,True,1.9476538160300705,21.451684376440028,0.0
8,0,300,117,20.99322004491578,outer_ellipsoid,True,14.366119361127573,20.182847581135377,0.0
8,0,300,117,20.99322004491578,frozen_training_template,True,3.6251624844575483,20.182847581135377,0.0
8,0,300,117,20.99322004491578,frozen_outer_geometry,True,2.194732797236744,20.182847581135377,0.0
9,0,301,213,20.325331247209874,outer_ellipsoid,True,10.292253303792794,20.30890725078126,0.0
9,0,301,213,20.325331247209874,frozen_training_template,True,3.711993199685357,20.30890725078126,0.0
9,0,301,213,20.325331247209874,frozen_outer_geometry,True,2.03331801829792,20.30890725078126,0.0
10,0,313,58,21.18714059638298,outer_ellipsoid,True,12.985807570302102,20.0,0.0
10,0,313,58,21.18714059638298,frozen_training_template,True,4.344292293100159,20.0,0.0
10,0,313,58,21.18714059638298,frozen_outer_geometry,True,2.584735436170526,20.0,0.0
11,0,313,252,20.644402168654295,outer_ellipsoid,True,12.575809747988739,19.78043260722319,0.0
11,0,313,252,20.644402168654295,frozen_training_template,True,4.002376577976215,19.78043260722319,0.0
11,0,313,252,20.644402168654295,frozen_outer_geometry,True,2.399130906953663,19.78043260722319,0.0
12,0,319,153,20.856570900170723,outer_ellipsoid,True,13.00907107391322,20.160160147952183,0.0
12,0,319,153,20.856570900170723,frozen_training_template,True,3.9533113136949747,20.160160147952183,0.0
12,0,319,153,20.856570900170723,frozen_outer_geometry,True,2.464346696004102,20.160160147952183,0.0
13,0,321,293,20.738929428089712,outer_ellipsoid,True,14.857446030459338,20.27100588152024,0.0
13,0,321,293,20.738929428089712,frozen_training_template,True,4.084293751603701,20.27100588152024,0.0
13,0,321,293,20.738929428089712,frozen_outer_geometry,True,2.023214390451135,20.27100588152024,0.0
14,0,327,333,20.40750434906534,outer_ellipsoid,True,12.016240268291085,21.0,0.0
14,0,327,333,20.40750434906534,frozen_training_template,True,4.160627996338621,21.0,0.0
14,0,327,333,20.40750434906534,frozen_outer_geometry,True,1.8542318355989436,21.0,0.0
15,0,328,372,20.132720094393747,outer_ellipsoid,True,14.570481298023028,21.87497925148992,0.0
15,0,328,372,20.132720094393747,frozen_training_template,True,3.9794712694566865,21.87497925148992,0.0
15,0,328,372,20.132720094393747,frozen_outer_geometry,True,1.6635699593117415,21.87497925148992,0.0
16,0,328,410,20.129580837221,outer_ellipsoid,True,18.264047849261043,21.628216989638958,0.0
16,0,328,410,20.129580837221,frozen_training_template,True,4.443785044188562,21.628216989638958,0.0
16,0,328,410,20.129580837221,frozen_outer_geometry,True,2.4750743060469005,21.628216989638958,0.0
17,1,333,94,20.582150446707494,outer_ellipsoid,True,14.670554567202286,20.04212599453814,0.0
17,1,333,94,20.582150446707494,frozen_training_template,True,4.429065341836278,20.04212599453814,0.0
17,1,333,94,20.582150446707494,frozen_outer_geometry,True,2.7548064796694978,20.04212599453814,0.0
18,1,334,193,21.120311190557466,outer_ellipsoid,True,16.653832002633468,20.086312866643908,0.0
18,1,334,193,21.120311190557466,frozen_training_template,True,4.267048385747184,20.086312866643908,0.0
18,1,334,193,21.120311190557466,frozen_outer_geometry,True,2.416109770710575,20.086312866643908,0.0
19,1,346,233,20.690306508910552,outer_ellipsoid,True,15.1219308144586,20.206714177505035,0.0
19,1,346,233,20.690306508910552,frozen_training_template,True,3.884668169570727,20.206714177505035,0.0
19,1,346,233,20.690306508910552,frozen_outer_geometry,True,1.8746167005463317,20.206714177505035,0.0
20,1,351,131,21.117609816937726,outer_ellipsoid,True,19.942280385623775,20.043534625628695,0.0
20,1,351,131,21.117609816937726,frozen_training_template,True,4.912285816786442,20.043534625628695,0.0
20,1,351,131,21.117609816937726,frozen_outer_geometry,True,3.25644072391254,20.043534625628695,0.0
21,1,355,273,20.57593821403169,outer_ellipsoid,True,16.598051380482676,21.028497749222623,0.0
21,1,355,273,20.57593821403169,frozen_training_template,True,4.351433265419125,21.028497749222623,0.0
21,1,355,273,20.57593821403169,frozen_outer_geometry,True,1.9901917105443236,21.028497749222623,0.0
22,1,360,314,20.450166579689984,outer_ellipsoid,True,19.193963963784476,22.0,0.0
22,1,360,314,20.450166579689984,frozen_training_template,True,4.189564690920948,22.0,0.0
22,1,360,314,20.450166579689984,frozen_outer_geometry,True,1.490164360376423,22.0,0.0
23,1,362,70,21.157698789544618,outer_ellipsoid,True,20.716599307353572,19.929908024819895,0.0
23,1,362,70,21.157698789544618,frozen_training_template,True,4.748734850973562,19.929908024819895,0.0
23,1,362,70,21.157698789544618,frozen_outer_geometry,True,3.1817210908392,19.929908024819895,0.0
24,1,363,353,19.959278387741215,outer_ellipsoid,True,21.758126633819092,22.380003665470895,0.0
24,1,363,353,19.959278387741215,frozen_training_template,True,4.573045229344593,22.380003665470895,0.0
24,1,363,353,19.959278387741215,frozen_outer_geometry,True,1.8442039780263217,22.380003665470895,0.0
25,1,364,393,19.814556080355203,outer_ellipsoid,True,24.82952573539761,21.925575173079977,0.0
25,1,364,393,19.814556080355203,frozen_training_template,True,4.827260642950628,21.925575173079977,0.0
25,1,364,393,19.814556080355203,frozen_outer_geometry,True,2.1218276710646085,21.925575173079977,0.0
26,1,365,172,21.42589956142578,outer_ellipsoid,True,19.343584270629602,21.000748122800758,0.0
26,1,365,172,21.42589956142578,frozen_training_template,True,4.226950315641742,21.000748122800758,0.0
26,1,365,172,21.42589956142578,frozen_outer_geometry,True,2.2897696604402213,21.000748122800758,0.0
27,1,379,212,20.792849077394116,outer_ellipsoid,True,20.516561739941327,20.53400677498894,0.0
27,1,379,212,20.792849077394116,frozen_training_template,True,4.318640836049813,20.53400677498894,0.0
27,1,379,212,20.792849077394116,frozen_outer_geometry,True,2.4550001854704124,20.53400677498894,0.0
28,1,380,109,21.33317584766581,outer_ellipsoid,True,23.092525402479374,20.052886426675997,0.0
28,1,380,109,21.33317584766581,frozen_training_template,True,4.56397605367997,20.052886426675997,0.0
28,1,380,109,21.33317584766581,frozen_outer_geometry,True,3.073525750316093,20.052886426675997,0.0
29,1,387,252,20.350009279309045,outer_ellipsoid,True,17.745023875843167,21.45299610269018,0.0
29,1,387,252,20.350009279309045,frozen_training_template,True,4.421669684805153,21.45299610269018,0.0
29,1,387,252,20.350009279309045,frozen_outer_geometry,True,2.0812112630968684,21.45299610269018,0.0
30,1,389,46,20.728986398801307,outer_ellipsoid,True,22.078920273649523,19.391767616671274,0.0
30,1,389,46,20.728986398801307,frozen_training_template,True,4.769484972522909,19.391767616671274,0.0
30,1,389,46,20.728986398801307,frozen_outer_geometry,True,3.1553536464001906,19.391767616671274,0.0
31,1,394,149,21.18962010041709,outer_ellipsoid,True,20.35788512208385,21.100359557824845,0.0
31,1,394,149,21.18962010041709,frozen_training_template,True,4.331841580504259,21.100359557824845,0.0
31,1,394,149,21.18962010041709,frozen_outer_geometry,True,2.327814299823395,21.100359557824845,0.0
32,1,394,292,20.328536470647286,outer_ellipsoid,True,22.468939140221867,21.462014682328117,0.0
32,1,394,292,20.328536470647286,frozen_training_template,True,4.923852646546564,21.462014682328117,0.0
32,1,394,292,20.328536470647286,frozen_outer_geometry,True,2.5514817012812387,21.462014682328117,0.0
33,1,397,333,19.91839051939725,outer_ellipsoid,True,26.41921439020776,21.922676679767562,0.0
33,1,397,333,19.91839051939725,frozen_training_template,True,4.696774440172068,21.922676679767562,0.0
33,1,397,333,19.91839051939725,frozen_outer_geometry,True,1.8385708452139167,21.922676679767562,0.0
34,1,397,411,19.230827133545965,outer_ellipsoid,True,21.15785076206132,22.92305260391072,0.0
34,1,397,411,19.230827133545965,frozen_training_template,True,5.209666945609814,22.92305260391072,0.0
34,1,397,411,19.230827133545965,frozen_outer_geometry,True,2.6221081677363767,22.92305260391072,0.0
35,1,398,373,19.640345069461983,outer_ellipsoid,True,24.080273249115244,22.563027164354793,0.0
35,1,398,373,19.640345069461983,frozen_training_template,True,4.933780657518467,22.563027164354793,0.0
35,1,398,373,19.640345069461983,frozen_outer_geometry,True,2.022215647808451,22.563027164354793,0.0
36,2,407,85,21.276985251636262,outer_ellipsoid,True,28.40275771844856,20.063666194312788,0.0
36,2,407,85,21.276985251636262,frozen_training_template,True,4.773035370635517,20.063666194312788,0.0
36,2,407,85,21.276985251636262,frozen_outer_geometry,True,3.044082135568498,20.063666194312788,0.0
37,2,408,189,21.14528397321314,outer_ellipsoid,True,25.676326094085894,21.918769707173283,0.0
37,2,408,189,21.14528397321314,frozen_training_template,True,4.972238123864631,21.918769707173283,0.0
37,2,408,189,21.14528397321314,frozen_outer_geometry,True,2.7525099651231493,21.918769707173283,0.0
38,2,418,230,20.805646319792036,outer_ellipsoid,True,23.668926370340504,21.18963002955124,0.0
38,2,418,230,20.805646319792036,frozen_training_template,True,4.702453052598175,21.18963002955124,0.0
38,2,418,230,20.805646319792036,frozen_outer_geometry,True,2.290658623936566,21.18963002955124,0.0
39,2,423,124,21.21862413582591,outer_ellipsoid,True,27.65953161092647,21.06569665131542,0.0
39,2,423,124,21.21862413582591,frozen_training_template,True,5.252440065944137,21.06569665131542,0.0
39,2,423,124,21.21862413582591,frozen_outer_geometry,True,3.2900024306050133,21.06569665131542,0.0
40,2,425,271,19.9171565124504,outer_ellipsoid,False,,,0.0
40,2,425,271,19.9171565124504,frozen_training_template,False,,,0.0
40,2,425,271,19.9171565124504,frozen_outer_geometry,False,,,0.0
41,2,430,311,19.993088192899158,outer_ellipsoid,True,30.097755774789647,22.31921464137693,0.0
41,2,430,311,19.993088192899158,frozen_training_template,True,4.941462428425186,22.31921464137693,0.0
41,2,430,311,19.993088192899158,frozen_outer_geometry,True,2.228346453064214,22.31921464137693,0.0
42,2,431,352,19.694069615329944,outer_ellipsoid,True,26.968502443260572,23.332906817799255,0.0
42,2,431,352,19.694069615329944,frozen_training_template,True,5.158939097296752,23.332906817799255,0.0
42,2,431,352,19.694069615329944,frozen_outer_geometry,True,2.0631856618794346,23.332906817799255,0.0
43,2,431,392,19.088545986832205,outer_ellipsoid,True,28.070159403547244,24.005335808113927,0.0
43,2,431,392,19.088545986832205,frozen_training_template,True,5.937653988129184,24.005335808113927,0.0
43,2,431,392,19.088545986832205,frozen_outer_geometry,True,2.6039319652772632,24.005335808113927,0.0
44,2,432,59,21.007655729741046,outer_ellipsoid,True,26.403146335697677,21.013890130000902,0.0
44,2,432,59,21.007655729741046,frozen_training_template,True,4.858227259581703,21.013890130000902,0.0
44,2,432,59,21.007655729741046,frozen_outer_geometry,True,3.2204026048207197,21.013890130000902,0.0
45,2,436,165,21.16023573205261,outer_ellipsoid,True,27.10571548536841,21.28360062847571,0.0
45,2,436,165,21.16023573205261,frozen_training_template,True,4.641889754723942,21.28360062847571,0.0
45,2,436,165,21.16023573205261,frozen_outer_geometry,True,2.6524231828767286,21.28360062847571,0.0
46,2,447,207,20.55776406404415,outer_ellipsoid,True,26.59717310223595,21.365739093101467,0.0
46,2,447,207,20.55776406404415,frozen_training_template,True,5.049137319934619,21.365739093101467,0.0
46,2,447,207,20.55776406404415,frozen_outer_geometry,True,2.5412727499845853,21.365739093101467,0.0
47,2,449,99,20.953984727758876,outer_ellipsoid,True,28.14443509540581,21.0,0.0
47,2,449,99,20.953984727758876,frozen_training_template,True,5.268483284018635,21.0,0.0
47,2,449,99,20.953984727758876,frozen_outer_geometry,True,3.474104447753234,21.0,0.0
48,2,456,247,20.05114789195633,outer_ellipsoid,True,26.597568787308347,21.771357180504467,0.0
48,2,456,247,20.05114789195633,frozen_training_template,True,5.154809883434883,21.771357180504467,0.0
48,2,456,247,20.05114789195633,frozen_outer_geometry,True,2.6899449699517364,21.771357180504467,0.0
49,2,460,289,19.444020683226487,outer_ellipsoid,False,,,0.0
49,2,460,289,19.444020683226487,frozen_training_template,False,,,0.0
49,2,460,289,19.444020683226487,frozen_outer_geometry,False,,,0.0
50,2,460,410,19.1396262212285,outer_ellipsoid,False,,,0.0
50,2,460,410,19.1396262212285,frozen_training_template,False,,,0.0
50,2,460,410,19.1396262212285,frozen_outer_geometry,False,,,0.0
51,2,463,139,20.774446585959712,outer_ellipsoid,True,29.203727150893652,22.0,0.0
51,2,463,139,20.774446585959712,frozen_training_template,True,5.264423152968231,22.0,0.0
51,2,463,139,20.774446585959712,frozen_outer_geometry,True,3.301731578283098,22.0,0.0
52,2,463,371,18.872726637466517,outer_ellipsoid,False,,,0.0
52,2,463,371,18.872726637466517,frozen_training_template,False,,,0.0
52,2,463,371,18.872726637466517,frozen_outer_geometry,False,,,0.0
53,2,464,330,19.652437054601194,outer_ellipsoid,True,31.563034805028177,23.68281123959831,0.0
53,2,464,330,19.652437054601194,frozen_training_template,True,5.648304598344799,23.68281123959831,0.0
53,2,464,330,19.652437054601194,frozen_outer_geometry,True,2.654784936162572,23.68281123959831,0.0
54,3,473,73,20.570024904073154,outer_ellipsoid,True,29.633940368255637,21.480786053719044,0.0
54,3,473,73,20.570024904073154,frozen_training_template,True,5.5410424586224405,21.480786053719044,0.0
54,3,473,73,20.570024904073154,frozen_outer_geometry,True,3.341978392666202,21.480786053719044,0.0
55,3,474,182,20.469635046998377,outer_ellipsoid,True,29.777644635833582,21.805506560521394,0.0
55,3,474,182,20.469635046998377,frozen_training_template,True,4.531540404760173,21.805506560521394,0.0
55,3,474,182,20.469635046998377,frozen_outer_geometry,True,2.5350254252105278,21.805506560521394,0.0
56,3,485,223,19.718529176403507,outer_ellipsoid,False,,,0.0
56,3,485,223,19.718529176403507,frozen_training_template,False,,,0.0
56,3,485,223,19.718529176403507,frozen_outer_geometry,False,,,0.0
57,3,488,113,20.08671290672219,outer_ellipsoid,True,30.627744809897706,22.61027496369107,0.0
57,3,488,113,20.08671290672219,frozen_training_template,True,5.568917661717559,22.61027496369107,0.0
57,3,488,113,20.08671290672219,frozen_outer_geometry,True,3.561309635385565,22.61027496369107,0.0
58,3,490,265,19.222378386984943,outer_ellipsoid,False,,,0.0
58,3,490,265,19.222378386984943,frozen_training_template,False,,,0.0
58,3,490,265,19.222378386984943,frozen_outer_geometry,False,,,0.0
59,3,491,389,25.27178662308053,outer_ellipsoid,False,,,0.0
59,3,491,389,25.27178662308053,frozen_training_template,False,,,0.0
59,3,491,389,25.27178662308053,frozen_outer_geometry,False,,,0.0
60,3,492,348,20.506096654409877,outer_ellipsoid,False,,,0.0
60,3,492,348,20.506096654409877,frozen_training_template,False,,,0.0
60,3,492,348,20.506096654409877,frozen_outer_geometry,False,,,0.0
61,3,493,47,19.99355743270879,outer_ellipsoid,True,35.68341552085493,24.04126762437386,0.0
61,3,493,47,19.99355743270879,frozen_training_template,True,6.016228273479775,24.04126762437386,0.0
61,3,493,47,19.99355743270879,frozen_outer_geometry,True,3.887653830123246,24.04126762437386,0.0
62,3,493,307,19.65052139181119,outer_ellipsoid,True,34.51899109056413,24.0,0.0
62,3,493,307,19.65052139181119,frozen_training_template,True,5.945181822620026,24.0,0.0
62,3,493,307,19.65052139181119,frozen_outer_geometry,True,2.4223410987278178,24.0,0.0
63,3,500,156,19.372024691176286,outer_ellipsoid,True,24.867553230271394,23.575833086470652,0.0
63,3,500,156,19.372024691176286,frozen_training_template,True,5.711908682778926,23.575833086470652,0.0
63,3,500,156,19.372024691176286,frozen_outer_geometry,True,3.041744955451466,23.575833086470652,0.0
64,3,510,87,20.755677128476606,outer_ellipsoid,True,36.497163870759756,23.864837316491645,0.0
64,3,510,87,20.755677128476606,frozen_training_template,True,5.711289191915129,23.864837316491645,0.0
64,3,510,87,20.755677128476606,frozen_outer_geometry,True,3.8388573542591953,23.864837316491645,0.0
65,3,510,200,20.21427615087253,outer_ellipsoid,True,34.221411390720476,23.829998661122147,0.0
65,3,510,200,20.21427615087253,frozen_training_template,True,5.33728688356873,23.829998661122147,0.0
65,3,510,200,20.21427615087253,frozen_outer_geometry,True,2.5218614334912797,23.829998661122147,0.0
66,3,517,240,20.42937264767071,outer_ellipsoid,True,35.398429787619826,24.419663487978312,0.0
66,3,517,240,20.42937264767071,frozen_training_template,True,5.776154788644513,24.419663487978312,0.0
66,3,517,240,20.42937264767071,frozen_outer_geometry,True,2.8966584677139733,24.419663487978312,0.0
67,3,520,281,25.41014834596879,outer_ellipsoid,False,,,0.0
67,3,520,281,25.41014834596879,frozen_training_template,False,,,0.0
67,3,520,281,25.41014834596879,frozen_outer_geometry,False,,,0.0
68,3,523,130,22.2134800408525,outer_ellipsoid,True,43.54481052616885,23.56045117712261,0.0
68,3,523,130,22.2134800408525,frozen_training_template,True,4.485432235285236,23.56045117712261,0.0
68,3,523,130,22.2134800408525,frozen_outer_geometry,True,3.101706272438686,23.56045117712261,0.0
69,3,526,60,29.94652088532262,outer_ellipsoid,False,,,0.0
69,3,526,60,29.94652088532262,frozen_training_template,False,,,0.0
69,3,526,60,29.94652088532262,frozen_outer_geometry,False,,,0.0
70,3,532,173,25.656471909073588,outer_ellipsoid,False,,,0.0
70,3,532,173,25.656471909073588,frozen_training_template,False,,,0.0
70,3,532,173,25.656471909073588,frozen_outer_geometry,False,,,0.0
